design,acc,LUT,pct_VU13P,stages,latency_ns_300MHz,DSP,BRAM,II,source,note
PHAT-JeT N=64 (L1T-envelope point),74.58,167304,9.7,29,96.6,0,0,1,da4ml estimate,clears sub-100 ns AND fits device
PHAT-JeT N=64 (max acc @500MHz),78.42,1221621,70.7,40,133.2,0,0,1,da4ml estimate,80.0 ns at 500 MHz
PHAT-JeT N=128 (max acc in LUT budget),78.6,902337,52.2,-,not traced at 300 MHz,0,0,1,da4ml estimate,52% of device; only traced at 2 ns cutoff (71 stages)
PHAT-JeT N=128 (bit-exact verified),78.64,1185319,68.6,38,126.5,0,0,1,da4ml estimate,"RTL bit-exact vs Keras, 2000 samples; 300 MHz trace"
JEDI-linear N=16 (pT-sorted),71.9,44000,2.5,-,54,0,0,1,published post-P&R,
JEDI-linear N=32 (pT-sorted),78.0,45000,2.6,-,63,0,0,1,published post-P&R,
JEDI-linear N=64 (pT-sorted),80.9,71000,4.1,-,61,0,0,1,published post-P&R,
JEDI-linear N=128 (pT-sorted),80.9,98000,5.7,-,82,0,0,1,published post-P&R,
JEDI-linear N=8 (perm-inv),66.5,136000,7.9,-,79,0,0,1,published post-P&R,
JEDI-linear N=16 (perm-inv),73.6,136000,7.9,-,75,0,0,1,published post-P&R,
JEDI-linear N=32 (perm-inv),79.0,136000,7.9,-,80,0,0,1,published post-P&R,
JEDI-linear N=64 (perm-inv),81.8,164000,9.5,-,78,0,0,1,published post-P&R,
JEDI-linear N=128 (perm-inv),81.6,296000,17.1,-,138,0,0,1,published post-P&R,
MLP-Mixer N=16,71.7,75000,4.3,-,68,0,n/r,n/r,published post-P&R,
MLP-Mixer N=32,78.0,63000,3.6,-,62,0,n/r,n/r,published post-P&R,
MLP-Mixer N=64,79.7,159000,9.2,-,72,0,n/r,n/r,published post-P&R,
MLP-Mixer N=128,79.8,83000,4.8,-,72,0,n/r,n/r,published post-P&R,
DS N=8 (MLST'24),64.0,626000,36.2,-,95,386,n/r,n/r,published post-P&R,
DS N=16 (MLST'24),69.4,555000,32.1,-,115,747,n/r,n/r,published post-P&R,
DS N=32 (MLST'24),75.9,434000,25.1,-,130,903,n/r,n/r,published post-P&R,
GNN N=8 (MLST'24),64.9,2120000,122.7,-,160,472,n/r,n/r,published post-P&R,
GNN N=16 (MLST'24),70.8,5362000,310.3,-,180,1388,n/r,n/r,published post-P&R,
GNN N=32 (MLST'24),75.8,2120000,122.7,-,205,1162,n/r,n/r,published post-P&R,
